<application>
  <component name="libraryTable">
    <library name="scala-sdk-2.10.3" type="Scala">
      <properties>
        <compiler-classpath>
          <root url="file://E:/scala/lib/scala-compiler.jar" />
          <root url="file://E:/scala/lib/scala-library.jar" />
          <root url="file://E:/scala/lib/scala-reflect.jar" />
        </compiler-classpath>
      </properties>
      <CLASSES>
        <root url="jar://E:/scala/lib/scala-actors-migration.jar!/" />
        <root url="jar://E:/scala/lib/scala-actors.jar!/" />
        <root url="jar://E:/scala/lib/scala-library.jar!/" />
        <root url="jar://E:/scala/lib/scala-reflect.jar!/" />
        <root url="jar://E:/scala/lib/scala-swing.jar!/" />
        <root url="jar://E:/scala/src/scala-actors-src.jar!/" />
        <root url="jar://E:/scala/src/scala-library-src.jar!/" />
        <root url="jar://E:/scala/src/scala-reflect-src.jar!/" />
        <root url="jar://E:/scala/src/scala-swing-src.jar!/" />
      </CLASSES>
      <JAVADOC />
      <SOURCES />
    </library>
  </component>
</application>