<application>
  <component name="AppStorage">
    <histories>
      <item value="evaluated but not used" />
      <item value="overslept" />
      <item value="Kind" />
      <item value="underlying" />
      <item value="Cause returns the underlying cause of the error, if possible." />
      <item value="elapsed" />
      <item value="instants" />
      <item value="represents" />
      <item value="Duration" />
      <item value="Example With Message" />
      <item value="message" />
      <item value="want" />
      <item value="annotating" />
    </histories>
    <option name="languageScores">
      <map>
        <entry key="CHINESE" value="18" />
        <entry key="ENGLISH" value="19" />
        <entry key="FRENCH" value="1" />
      </map>
    </option>
  </component>
</application>